[
  {
    "id": "98128558-4de0-404a-9fe4-743957712a70",
    "data": [
      {
        "text": "algorithm",
        "userDefined": false
      }
    ],
    "isTemplate": false,
    "count": 0,
    "updated": 0
  },
  {
    "id": "d6062474-7db2-43e4-91c9-29ab7695dfd4",
    "data": [
      {
        "text": "problem solving question",
        "userDefined": false
      }
    ],
    "isTemplate": false,
    "count": 0,
    "updated": 0
  },
  {
    "id": "8c3e729e-a2b4-425b-a09c-0955f61ed0eb",
    "data": [
      {
        "text": "Learn specific algorithm",
        "userDefined": false
      }
    ],
    "isTemplate": false,
    "count": 0,
    "updated": 0
  },
  {
    "id": "bfe1b94a-2cc3-4d24-a12a-5eb6ce03a075",
    "data": [
      {
        "text": "Learn specific algo",
        "userDefined": false
      }
    ],
    "isTemplate": false,
    "count": 0,
    "updated": 0
  }
]