[
  {
    "id": "15d8b789-4ae1-4c83-bc05-d201ab4ab2e8",
    "data": [
      {
        "text": "a hint",
        "userDefined": false
      }
    ],
    "isTemplate": false,
    "count": 0,
    "updated": 0
  },
  {
    "id": "39297486-ee6a-493d-82be-f5e99e5545f4",
    "data": [
      {
        "text": "hint",
        "userDefined": false
      }
    ],
    "isTemplate": false,
    "count": 0,
    "updated": 0
  },
  {
    "id": "6c991971-cf2a-4b63-9243-6b7e85a6ffbf",
    "data": [
      {
        "text": "crispy hint",
        "userDefined": false
      }
    ],
    "isTemplate": false,
    "count": 0,
    "updated": 0
  }
]