[
  {
    "id": "a037703e-f243-4640-8773-456e6d8b1842",
    "data": [
      {
        "text": "solution code",
        "userDefined": false
      }
    ],
    "isTemplate": false,
    "count": 0,
    "updated": 0
  },
  {
    "id": "5d653a8d-a9f3-4d90-88a9-850bec2a7608",
    "data": [
      {
        "text": "solution",
        "userDefined": false
      }
    ],
    "isTemplate": false,
    "count": 0,
    "updated": 0
  },
  {
    "id": "2bd6247a-9d54-4626-b40a-480aa94ea9c3",
    "data": [
      {
        "text": "get the solution",
        "userDefined": false
      }
    ],
    "isTemplate": false,
    "count": 0,
    "updated": 0
  },
  {
    "id": "88ed4ec2-c58f-4272-b205-6f0df608634b",
    "data": [
      {
        "text": "algorithm",
        "userDefined": false
      }
    ],
    "isTemplate": false,
    "count": 0,
    "updated": 0
  },
  {
    "id": "873b443b-f093-4b87-9dd5-ee8e5e29fd4c",
    "data": [
      {
        "text": "algo",
        "userDefined": false
      }
    ],
    "isTemplate": false,
    "count": 0,
    "updated": 0
  }
]