[
  {
    "id": "35342904-f4ab-48b3-b91a-b90074418175",
    "data": [
      {
        "text": "programming",
        "userDefined": false
      }
    ],
    "isTemplate": false,
    "count": 0,
    "updated": 0
  },
  {
    "id": "1f922560-b14e-4669-9f26-b03bd26d885a",
    "data": [
      {
        "text": "teach coding",
        "userDefined": false
      }
    ],
    "isTemplate": false,
    "count": 0,
    "updated": 0
  },
  {
    "id": "68614f91-44ff-4cc9-a57b-267cde753933",
    "data": [
      {
        "text": "coding",
        "userDefined": false
      }
    ],
    "isTemplate": false,
    "count": 0,
    "updated": 0
  },
  {
    "id": "8b9bff10-4535-4d10-a757-c7f309eba450",
    "data": [
      {
        "text": "teach me coding",
        "userDefined": false
      }
    ],
    "isTemplate": false,
    "count": 0,
    "updated": 0
  },
  {
    "id": "ce5edf0b-dfbc-4d61-a2ae-adf44cf3e5e4",
    "data": [
      {
        "text": "can u please teach me coding",
        "userDefined": false
      }
    ],
    "isTemplate": false,
    "count": 0,
    "updated": 0
  },
  {
    "id": "ec2337ef-27ec-4b57-ad00-d98b2be395ab",
    "data": [
      {
        "text": "can u teach me coding.",
        "userDefined": false
      }
    ],
    "isTemplate": false,
    "count": 0,
    "updated": 0
  }
]