[
  {
    "id": "533fbe74-07aa-4087-bccf-0c496ec4daf7",
    "data": [
      {
        "text": "crispy hint",
        "userDefined": false
      }
    ],
    "isTemplate": false,
    "count": 0,
    "updated": 0
  },
  {
    "id": "bf425140-70ae-4689-8c82-cf5a15289639",
    "data": [
      {
        "text": "Sieve-hint",
        "userDefined": false
      }
    ],
    "isTemplate": false,
    "count": 0,
    "updated": 0
  },
  {
    "id": "8891baa3-cdcb-438c-a89a-b0d050002c15",
    "data": [
      {
        "text": "hint",
        "userDefined": false
      }
    ],
    "isTemplate": false,
    "count": 0,
    "updated": 0
  }
]