[
  {
    "id": "fdbcea9e-7aad-431e-ba1f-aecd2c0e4584",
    "data": [
      {
        "text": "Sieve-of-Eratosthenes solution",
        "userDefined": false
      }
    ],
    "isTemplate": false,
    "count": 0,
    "updated": 0
  },
  {
    "id": "f8071ab8-9d38-4a7a-bd00-814bc4d1828d",
    "data": [
      {
        "text": "Sieve-of-Eratosthenes solution code",
        "userDefined": false
      }
    ],
    "isTemplate": false,
    "count": 0,
    "updated": 0
  },
  {
    "id": "de5690a2-dc33-438d-b7f8-650cfa785aa5",
    "data": [
      {
        "text": "Sieve-of-Eratosthenes code",
        "userDefined": false
      }
    ],
    "isTemplate": false,
    "count": 0,
    "updated": 0
  },
  {
    "id": "d69b8d50-578b-4b25-9d62-92e378e2b36e",
    "data": [
      {
        "text": "Sieve-of-Eratosthenes algorithm",
        "userDefined": false
      }
    ],
    "isTemplate": false,
    "count": 0,
    "updated": 0
  },
  {
    "id": "be56bedd-74f6-4adf-8799-8ef8c70c9702",
    "data": [
      {
        "text": "algorithm",
        "userDefined": false
      }
    ],
    "isTemplate": false,
    "count": 0,
    "updated": 0
  },
  {
    "id": "50d9bf41-1161-4383-9ef8-c6e75604aee9",
    "data": [
      {
        "text": "algo",
        "userDefined": false
      }
    ],
    "isTemplate": false,
    "count": 0,
    "updated": 0
  }
]