[
  {
    "id": "cece7cf3-5092-4c48-a9a9-75c4aae61da7",
    "data": [
      {
        "text": "Sieve-of-Eratosthenes code",
        "userDefined": false
      }
    ],
    "isTemplate": false,
    "count": 0,
    "updated": 0
  },
  {
    "id": "69fd7965-f2c1-4a7b-bfd2-6458c9e2b356",
    "data": [
      {
        "text": "Sieve-of-Eratosthenes problem",
        "userDefined": false
      }
    ],
    "isTemplate": false,
    "count": 1,
    "updated": 0
  },
  {
    "id": "d6a1ce33-5d2e-4f23-b0ed-550e4bbc00e9",
    "data": [
      {
        "text": "Sieve-of-Eratosthenes",
        "userDefined": false
      }
    ],
    "isTemplate": false,
    "count": 0,
    "updated": 0
  }
]